full_text,summary
"Said al-Shihri pernah dibebaskan dari Guantanamo pada tahun 2007. Al-Shihri dilaporkan tewas bersama enam orang lainnya di kawasan Hadramawt, selatan Yaman. Sejumlah laporan memberitakan bahwa pasukan Yaman terlibat dalam operasi ini, beberapa laporan lainnya menyebut operasi kemungkinan juga dilakukan oleh serangan pesawat tak berawak AS. Al-Shihri, seorang warga Arab Saudi, dibebaskan AS dari penjara Guantanamo pada tahun 2007. Pemerintah Yaman telah mengkonfirmasikan kematian al-Shihri tetapi tidak menyebut waktu pasti kematiannya. Militer Yaman dalam beberapa bulan terakhir memang tengah gencar melakukan serangan terhadap sejumlah kantong militan di kawasan selatan negara itu. Sumber resmi di Yaman kepada BBC mengatakan kematian al-Shihri disebabkan oleh sebuah serangan udara di Wadi Ain, Hadramawt. Tetapi sumber militer tidak memberikan penjelasan detil mengenai kematiaanya meski mengakui bahwa ada serangan udara di kawasan tersebut. Sumber lainnya mengatakan seorang warga Saudi dan Irak turut menjadi korban tewas dalam operasi yang berlangsung Rabu lalu. Serangan AS ? Al-Qaeda di Semenanjung Arab Pejabat di kementerian pertahanan Yaman kepada Associated Press mengatakan militan yang terbunuh tersebut tengah berada dalam perjalanan menggunakan mobil dan ditembak oleh pesawat tanpa awak AS, tetapi info ini juga belum dapat dikonfirmasikan. Bocoran kawat diplomatik yang dirilis situs Wikileaks Desember tahun lalu menyebutkan bahwa Yaman memang mengijinkan serangan udara rahasia AS dengan target para militan al-Qaeda. Lalu, Presiden Ali Abdullah Saleh mengklaim bahwa operasi dilakukan militer Yaman saat pada faktanya serangan dilakukan oleh AS, demikian isi bocoran kawat tersebut. Seorang pejabat senior di kantor pemerintahan Presiden Abdrabbuh Mansour Hadi mengatakan bahwa tes DNA belum mengkonfirmasikan identitas al-Shihri. Al-Shihri disebut-sebut berhasil meloloskan diri dari serangan pesawat tanpa awak AS pada 20 September tahun lalu di desa al-Mahfad di provinsi Abyan. Dia pernah ditangkap dan ditahan di Teluk Guantanamo dan dibebaskan tahun 2007 untuk dikirim rehabilitasi ke Arab Saudi. Al-Qaeda Semenanjung Arab, AQAP dinyatakan AS sebagai cabang paling berbahaya al-Qaeda. AQAP dibentuk Januari 2009 oleh dua jaringan militansi Islamis internasional di Yaman dan Arab Saudi. Sekarang dipimpin oleh Nasser Abdul Karim al-Wuhayshi, mantan asisten pribadi Osama Bin Laden di Afghanistan. Al-Wuhayshi mengambil alih kepemimpinan sebelumnya yang dipegang Khaled Ali Hajj dan Abdul Aziz al-Muqrin - keduanya tewas ditangan pasukan keamanan Saudi. Kelompok ini mengklaim bertanggung jawab atas serangkaian serangan diantaranya upaya meledakan pesawat penumpang AS yang terbang ke Detroit Desember 2009 silam. Oktober 2010, kelompok ini dituduh mengirimkan bom dalam dua paket ke sebuah sinagog di Chicago yang ditemukan dalam pesawat di Dubai dan Inggris. Kawasan selatan saat kini menjadi kawasan pertempuran antara militan dan pasukan pemerintah. Para militan ini mengambil keuntungan dari aksi demo yang menggulingkan Presiden Saleh Februari lalu untuk mengambil kontrol sebagian besar kawasan selatan Yaman. Link terkait Topik terkait","Said al-Shihri, yang digambarkan sebagai orang kedua di al-Qaeda Semenanjung Arab, AQAP, dilaporkan tewas dalam sebuah operasi di Yaman."
"Demo mahasiswa di sekitar Istana Bogor setelah gagalnya upaya kudeta pada 30 September 1965. Partai Amanat Nasional sudah menggelar acara menonton film Pengkhianatan G30S/PKI di Hotel Mercure, Jakarta Utara, pada Kamis (21/9) lalu. Menurut Ketua DPP PAN, Yandri Susanto, pada wartawan, acara nonton bareng tersebut bertujuan untuk ""menyamakan persepsi dan membangkitkan semangat untuk melawan kebangkitan Partai Komunis Indonesia (PKI)."" Namun Ketua Umum PAN, Zulkifli Hasan, juga kepada para wartawan saat pemutaran film tersebut, mengatakan, ""Lah, kan filmnya sudah ada sejak lama. Bahwa ada kepentingan segala macam, dalam politik dan macam-macam lah ya, biasa lah."" Sementara itu, Partai Keadilan Sejahtera sudah memerintahkan pula adanya pemutaran serentak film G30S/PKI di DPRD seluruh provinsi dan kabupaten atau kota pada 30 September mendatang. Sukamta Mantamiharja, anggota DPR dari PKS menyebut ada beberapa indikasi peluang bangkitnya PKI. ""Di kampung saya (Solo), tempat orang atheis, komunis, sampai saat ini, orang orang ini masih tak percaya adanya Tuhan, kalau ketemu anak-anak kecil masih mengajari ideologi mereka, ini tak pernah padam... Mereka punya aktivitas kumpul-kumpul dengan berbagai modus,"" kata Sukamta. ""Ada indikator lain bahwa generasi baru yang punya ideologi seperti PKI itu jalan terus dan bergerak terus di Indonesia,"" tambahnya. Sementara Golkar, lewat Sekjen Idrus Marham, sudah menyatakan bahwa partainya berada di posisi terdepan dan mendukung penuh untuk pembelajaran agar peristiwa itu tak terulang lagi. Lewat akun Twitter-nya, Partai Golkar sudah menyampaikan bahwa film Penumpasan Pengkhianatan G30S/PKI akan ditayangkan di TVOne, stasiun televisi yang dimiliki oleh Ketua Dewan Pembina Golkar, Aburizal Bakrie, pada 30 September nanti. Meski begitu, baik sejarawan Asvi Warman dan tokoh Muhammadiyah, Ahmad Syafii Maarif, sudah mengatakan bahwa isu 'kebangkitan PKI' sarat politik. ""Mengapa (isu ini di) Indonesia diangkat, karena ada tujuan politik, karena Jokowi (Presiden Joko Widodo) juga jadi sasaran. Tapi itu tak ada dampak apa-apa asal dijelaskan ke publik, dijelaskan bahwa komunisme sudah runtuh,"" ujar Syafii. Panglima TNI, Jenderal Gatot Nurmantyo, juga sudah memerintahkan pemutaran film itu di kalangan TNI 'agar bangsa tidak melupakan sejarah kelam dan mencegah terulang kembali'. Politisi PDIP, Effendi Simbolon, pun sudah menyampaikan kritiknya terhadap perintah Jenderal Gatot yang ditudingnya 'berpolitik' lewat pemutaran film G30S/PKI. 'Berlomba-lomba' Bagi pengamat politik dan Direktur Lembaga Survei Indonesia, Dodi Ambardi, karena fakta-fakta seputar peristiwa 1965 tak pernah tereksplorasi secara penuh, maka isu ini menimbulkan penafsiran yang memunculkan baik sikap anti maupun simpati pada mereka yang dianggap korban. Menurut pengamat, isu PKI memiliki persamaan dengan isu terkait etnis Rohingya, karena sama-sama menggunakan sentimen keagamaan. ""Dan itu betul-betul bisa membelah publik, berarti kan isu itu dianggap penting oleh publik. Dalam konteks politik, publik itu kan pemilih. Karena ada yang simpati dan ada yang anti, itu menjadi peluang politik bagi partai. Kalau kemudian ingin mendapatkan simpati, maka kemudian posisi yang ingin diambil oleh partai itu bukan mendapat fakta terlebih dulu baru berdebat, tetapi kira-kira, anginnya bergerak ke mana ya?"" kata Dodi. Selain itu, karena 'motor' pemutaran kembali film ini adalah TNI, maka Dodi melihat bahwa partai-partai yang mendukung pemutaran kembali 'tidak ingin konfrontatif dengan tentara'. Tetapi Dodi belum yakin bahwa langkah PAN, PKS dan Golkar yang 'berlomba-lomba mengendarai gelombang anti-PKI ini' terkait pemilihan presiden 2019. ""Pada titik ini masih spekulatif dampaknya pada 2019. Mereka mencoba untuk melihat reaksi-reaksi publik dan reaksi-reaksi yang muncul di kalangan tentara, masih penjajakan,"" ujar Dodi. Menurutnya, isu PKI memiliki persamaan dengan isu etnis Rohingya, keduanya sama-sama bersentuhan dengan sentimen keagamaan. ""Satu segmen besar umat Islam merasa bahwa PKI adalah musuh mereka, itu persamaannya. Yang bisa memobilisasi dalam skala masif itu isu PKI, isu agama, sementara isu-isu kesejahteraan relatif sekunder, partai-partai tidak menuju ke sana."" ""Debat-debat tentang perburuhan, industri, selalu kalah dengan sektor-sektor agama. Ini cara paling gampang meraih simpati, orang mudah tersulut. Kalau isu buruh, butuh argumen panjang, perlu data, perlu rumusan kebijakan, itu kan agak panjang,"" tambah Dod dari Lembaga Survei Indonesia. Menkopolhukam Wiranto, pada wartawan di kompleks Istana Kepresidenan, sudah mengakui bahwa isu komunisme sering 'ditunggangi kepentingan politik'. ""Mendekati Pilkada, mendekati Pilpres, selalu tunggang menunggang itu ada,"" katanya di Kompleks Istana Kepresidenan, Jakarta, Jumat (22/9)","Sedikitnya tiga partai, yaitu PKS, PAN dan Golkar, sudah menjadwalkan dan melakukan acara pemutaran film Pengkhiatanan G30S/PKI. Langkah yang, oleh sebagian kalangan, diyakini sebagai cara untuk meraih dukungan politik."
"Suntik mati dengan midazolam dinilai membuat narapidana kesakitan Hakim mengatakan kota Oklahoma tidak bisa mengeksekusi Richard Glossip, John Grant dan Benjamin Cole dengan suntikan mematikan berisi midazolam selama adanya kasus ini. Pengacara para narapidana tersebut berargumen bahwa midazolam beresiko menyebabkan rasa sakit dan membuat para terdakwa merasa menderita, yang tidak sesuai dengan hukum konstitusi. Obat itu digunakan untuk tiga kasus eksekusi yang dianggap gagal pada tahun 2014. Eksekusi Richard Glossip telah dijadwalkan untuk Kamis malam sementara dua lainnya dijadwalkan untuk menerima suntikan mematikan dalam beberapa minggu mendatang. Koresponden mengatakan keputusan singkat dari pengadilan membuka kemungkinan bagi kota Oklahoma untuk melaksanakan eksekusi menggunakan kombinasi obat yang berbeda. Namun, juru bicara Lembaga Pemasyarakatan Oklahoma Jerry Massie mengatakan mereka belum mampu menemukan suntikan alternatif. Kasus ini akan dibawa ke hadapan Mahkamah Agung pada bulan April yang akan mengambil keputusan pada akhir Juni. Gubernur Oklahoma Mary Fallin mengatakan:. ""Saya tidak setuju dengan memberikan Glossip kesempatan lagi untuk naik banding. Namun, mengingat bahwa Mahkamah Agung AS telah memutuskan untuk mendengar kasusnya, mereka sangat tepat untuk menunda eksekusi hingga setelah proses hukum telah dijalankan. "" Para pengacara ketiga narapidana berpendapat bahwa midazolam tidak dapat mencapai tingkat ketidaksadaran yang dibutuhkan dan karena itu tidak cocok digunakan untuk eksekusi. Mereka mengatakan penggunaannya itu merupakan ""hukuman yang kejam dan ganjil"" yang melanggar konstitusi AS. Karena midazolam tidak menghasilkan efek penenang seperti kondisi koma, kota Oklahoma belum bisa memastikan bahwa terpidana tidak akan mengalami rasa sakit ketika disuntikkan obat lain yang akan membunuh mereka, debat para pengacara. Pelaksanaan eksekusi Charles Warner pada tanggal 15 Januari adalah yang pertama di Oklahoma sejak mereka gagal menyuntik mati tahanan bernama Clayton Lockett pada bulan April 2014. Eksekusi Lockett itu dihentikan setelah 20 menit ketika salah satu pembuluh darahnya pecah, mencegah efek dari obat yang disuntikkan kepadanya. Ia menggeliat dan tubuhnya berguncang tanpa kendali setelah disuntik dan akhirnya meninggal karena serangan jantung setelah itu. Para pejabat penjara mengatakan Warner tidak menderita sebelum meninggal.",Mahkamah Agung AS telah menunda eksekusi tiga orang terpidana mati yang mengatakan bahwa penggunaan obat penenang midazolam untuk prosedur tersebut adalah tindakan kejam.
"Lewandowski cetak empat gol ke gawang Real Madrid di Liga Champions. Hal ini disampaikan kepala eksekutif Dortmund, Hans-Joachim Watzke, menanggapi spekulasi kepindahan penyerang asal Polandia ke Bayern tersebut. ""Robert Lewandowski jelas tidak akan pindah ke Bayern Muenchen pada 2013,"" kata Watzke kepada surat kabar Jerman, Bild. ""Posisi itu sudah final. Kami telah menginformasikan hal ini baik kepada Lewandowski maupun ke tim penasehatnya. Pintu ke Bayern sudah tertutup karena tidak penawaran tertulis dari Bayern,"" papar Watzke. Dortmund, yang dua kali menjuarai Bundesliga mulai 2011, sepertinya akan melepas Lewandowski setelah ia menolak menandatangani perpanjangan kontrak yang akan habis tahun depan. Pindah tahun depan Pekan lalu Lewandowski juga mengatakan kepindahannya ke klub baru -ia tidak menyebut nama klub ini- akan selesai dibicarakan dalam beberapa hari. Tapi Watzke menegaskan hingga hari Senin (10/06) Bayern tidak juga mengajukan penawaran resmi. Menurut Watzke, sebagai pemain Lewandowski berhak menyampaikan keinginan untuk pindah dan Bayern juga berhak untuk tertarik dengan Lewandowski. ""Tapi kami adalah perusahaan yang tercatat di bursa saham. Jadi, kami perlu surat penawaran tertulis untuk Lewandowski. Dan surat itu tidak juga kami terima,"" tegas Watzke. ""Kalau ia ingin pindah ke Bayern, ia bisa melakukannya tahun depan,"" tandasnya.","Penyerang Borussia Dortmund yang sedang naik daun, Robert Lewandowski, hampir dapat dipastikan gagal pindah ke Bayern Muenchen pada periode transfer tahun ini."
"Patung raksasa vagina yang merupakan bagian dari suatu karya instalasi Instalasi, yang disebut ""Pojok Kotor"" itu dipasang di taman di pekarangan istana. Kapoor mengatakan dalam sebuah wawancara bahwa karya itu menggambarkan ""vagina ratu yang menuju ke kekuasaan"" - tetapi kemudian mengatakan karya itu terbuka untuk interpretasi. Istana Versailles merupakan kediaman Marie Antoinette, Ratu Prancis, permaisuri Raja Louis XVI di abad ke-18. Dalam cuitannya, walikota Versailles menyebut, perupa terkemuka itu telah ""tergelincir "". Seorang turis Jerman, Dunja, mengatakan kepada Reuters: ""Karya ini membingungkan: suatu vagina raksasa dan istana. ""Ini salah satu tempat paling terkenal di Paris dan saya hanya ingin mengunjunginya. Tapi saya melihat bangunan ini, patung ini, dan saya tidak tahu apa itu."" Wisatawan lain, Megan, dari AS, mengatakan: ""Ketika Anda berpikir Anda datang ke Versailles, yang Anda harapkan adalah sebangsa karya klasik Perancis, mungkin patung besar para dewa Romawi. Tapi ini tampak jorok, kotor."" Bukan satu-satunya Instalasi karya perupa pemenang berbagai pengharagaan itu memunculkan berbagai kritik sekaligus pujian di Prancis. Kapoor mengatakan karyanya ""memiliki beberapa kemungkinan penafsiran,"" dan bahwa dalam wawancara sebelumnya ia telah salah dikutip. Kapoor telah meraih berbagai penghargaan seni rupa ""Tak pelak lagi, setiap orang pasti mengalami hal-hal terkait tubuh, seksualitas dalam level tertentu. Namun itu bukan satu-satunya."" Patung logam berukuran besar itu hanya merupakan bagian dari instalasi Mr Kapoor yang lebih menyeluruh yang dipamerkan di Versailles. Dia juga memasang cermin besar, dan dinding yang dilukis seakan rusak oleh tembakan meriam. Kapoor pernah memenangkan Hadiah Turner, sebuah penghargaan seni rupa berbobot di Inggris, dan karya-karyanya telah dipamerkan di banyak negara dunia. Ia terkenal antara lain untuk karyanya Orbital Tower di tengah Taman Olimpiade di London. Sebelumnya, telah ada beberapa karya seni rupa terkait vagina, yang memicu kontroversi, bahkan tuntutan hukum.","Pematung Inggris Anish Kapoor membela diri terkait karyanya yang dipamerkan di istana Versailles Perancis, yang banyak dikecam sebagai karya yang ""kotor"" dan ""jorok""."
"Margarita Goncharova, pemegang tiga medali emas Paralimpiade atletik, tidak akan bertanding di Rio. Mahkamah Arbitrase Olahraga, CAS, mendukung larangan Komite Paralimpiade Internasional, IPC, bagi semua atlit Rusia untuk berpartisipasi di Paralimpiade 2016. IPC memutuskan larangan berdasarkan laporan McLaren yang merinci program doping pemerintah yang dijalankan Rusia. Paralimpiade 2016 yang berlangsung di Rio de Janeiro akan dimulai pada 7 September. Keputusan IPC untuk melarang seluruh anggota tim Rusia dipandang 'patut sesuai dengan keadaan', menurut panel CAS yang akan mengumumkan alasan keseluruhan keputusannya. Komite Paralimpiade Rusia tidak memberikan bukti yang bertentangan dengan fakta yang diajukan IPC, tambahnya. Keputusan IPC bertentangan dengan Komite Olimpiade Internasional, IOC, yang memutuskan untuk tidak mengeluarkan larangan sepenuhnya bagi atlet Rusia di Olimpiade. Banyak pihak yang mengecam IOC karena tidak memperhatikan usulan Badan Antidoping Dunia, WADA, untuk melarang Rusia. IOC memberikan wewenang kepada masing-masing federasi olahraga untuk memutuskan apakah atlet Rusia diizinkan bertanding.",Rusia tidak akan bertanding pada Paralimpiade Rio bulan depan setelah bandingnya ditolak terkait larangan doping yang didukung pemerintah.
"Empat WNI itu adalah anak buah kapal tunda TB Henry dan kapal tongkang Cristi yang dibajak pada 15 April lalu. “Alhamdulillah akhirnya empat WNI yang disandera kelompok panyandera sejak 15 Maret sudah dibebaskan,"" ujar Presiden Jokowi. Keempat WNI tersebut, lanjut presiden, telah aman bersama otoritas Filipina. Di tempat terpisah, Menkopolhukam, Luhut Panjaitan, mengatakan pembebasan itu tak lepas dari kerja sama antara pemerintah Indonesia dan Filipina. ""Memang dukungan penuh Filipina yang membuat sukses, bahwa ada kelompok ini dan itu (yang membantu), iya itu betul. Tapi telepon Presiden Jokowi pada presiden Filipina sangat berpengaruh dalam penyelesaian kasus ini,"" ujar Luhut. Empat WNI yang dibebaskan adalah anak buah kapal tunda TB Henry dan kapal tongkang Cristi. Kedua kapal itu dibajak pada Jumat (15/04) pukul 18.31 waktu setempat, saat dalam perjalanan kembali dari Cebu, Filipina, menuju Tarakan, Kalimantan Utara. Mereka adalah Mochammad Ariyanto Misnan (nakhoda), Lorens MPS, Dede Irfan Hilmi, dan Samsir. Pembebasan keempat WNI terjadi setelah 10 WNI lainnya dibebaskan pada akhir April lalu. Ke-10 WNI tesebut diculik dalam insiden terpisah Maret lalu. Mereka adalah awak kapal Anand 12 yang berlayar di perairan Tambulian, di lepas pantai Pulau Tapul, Kepulauan Sulu, Filipina.","Sebanyak empat warga negara Indonesia yang disandera di Filipina sejak 15 April lalu telah dibebaskan, kata Presiden Joko Widodo."
"Cina pakai strategi klaim zona udara dalam sengketa berebut wilayah kepulauan ini. Pada Sabtu (23/11) Cina menetapkan ""zona pertahanan wilayah udara"" di tempat itu dan mewajibkan pesawat mana pun yang melintas mengindahkan aturan buatannya atau bila membangkang akan ""menghadapi tindak pertahanan darurat"". Namun menurut Pentagon, pesawatnya terbang dengan ""mengikuti prosedur biasa"". Pulau yang disengketakan itu adalah Senkaku dalam Bahasa Jepang, atau Diayou dalam Bahasa Cina. Jepang merespon penetapan zona udara Cina dengan menyebutnya ""tak sah sama sekali"". Dua masakapai penerbangan terbesar Jepang menyatakan akan menuruti seruan Tokyo agar tak mengindahkan pernyataan Cina itu. 'Tidak membantu' Sementara menurut Pentagon, seperti disebut juru bicaranya Kolonel Steve Warren, pesawatnya melintas di udara setempat karena ""tengah menggelar operasi di wilayah Kepulauan Senkaku"". ""Kami memakai prosedur normal yakni tidak melapor rute tujuan perjalanan kami, tidak mengirim kabar lewat saluran radio dan tidak membeberkan posisi frekuensi kami"". Pesawat itu menurut Pentagon juga tidak dipersenjatai dan diterbangkan dari pangkalannya di Guam untuk ambil bagian dalam latihan rutin di lokasi yang diperebutkan ini. Setelah terbang kedua pesawat dipulangkan ke Guam. AS punya sekitar 70 ribu personel Militer di Jepang dan Korea, serta sudah menyatakan tak akan mengindahkan aturan baru yang dibuat Cina. Menteri Pertahanan Chuck Hagel menyebutnya sebagai ""upaya menggoyahkan stabilitas kawasan untuk mengubah status-quo"". Jepang telah mengajukan protes resmi atas sikap Cina tersebut, sementara Taiwan yang juga mengklaim wilayah ini menyatakan menyesalkan tindakan Cina dan akan mengambil langkah untuk meljndungi keamanan wilayahnya. Pada Selasa (26/11), All Nippon Airlines dan Japan Airlines menyatakan akan menghentikan pengiriman laporan rute penerbangan saat melintas wilayah udara itu. Sementara Singapore Airlines dan Qantas Australia sudah menyatakan akan mengikuti aturan itu. Meski demikian pemerintah Australia memanggil Dubes Cina pada Selasa untuk menyampaikan tentangannya terhadap ditetapkannya zona tersebut. Menlu Julie Bishop menyatakan ""penetapan waktu dan cara"" yang ditempuh Cina ""tidak membantu situasi wilayah yang tengah tegang"".",Militer AS menerbangkan dua pesawat pembom B-52 diatas wilayah udara di Laut Cina Selatan yang disengketakan dan memunculkan kesan menantang klaim Cina atas daerah tersebut.
"Masyarakat setempat menyiapkan stok perbekalan untuk menghadapi datangnya topan Hagupit Hagupit, yang sedang melaju di Samudera Pasifik, diprediksi bakal menghantam wilayah yang pernah dilanda Topan Haiyan setahun lalu. Topan Hagupit berkecepatan hingga 170km/jam dan saat menerjang Filipina akan menjadi badai kategori 4. Ribuan orang, yang masih tinggal di tempat penampungan sementara, telah diberitahu untuk mengungsi ke pusat-pusat evakuasi. Haiyan, yang dikenal dengan nama Yolanda di Filipina, tercatat sebagai topan terkuat yang pernah melanda negara itu. Topan itu telah meluluhlantakan wilayah Filipina Tengah pada November 2013, mengakibatkan lebih dari 7.000 orang tewas atau hilang. Hagupit diharapkan tidak sekuat Haiyan, namun bisa mengakibatkan kepanikan. Evakuasi Wakil Wali Kota Tacloban, kota yang terkena dampak paling buruk Topan Haiyan, mengatakan pihak berwenang telah melaksanakan perintah evakuasi. ""Tidak ada lagi alasan untuk kami. Topan Yolanda telah merenggut banyak nyawa, itu sudah berada di luar hati nurani kami,"" kata Jerry Yaokasin kepada wartawan. Namun, kepada kantor berita AFP, dia mengatakan, ""Masalah kami adalah, kami tidak memiliki pusat-pusat evakuasi yang memadai."" Sejumlah ahli meteorologi mengatakan Hagupit bisa saja membelok ke utara menuju Jepang dan melewati Filipina, namun para pejabat mengatakan mereka sudah menyiapkan skenario terburuk. Helen Buena, seorang karyawan di sebuah supermarket di Tacloban, mengaku sudah menyiapkan perbekalan. ""Memang di sini belum turun hujan tapi orang-orang panik membeli sejumlah barang untuk perbekalan setelah mendengar tentang peringatan topan di televisi dan radio,"" katanya kepada AFP.",Warga Filipina bersiap menghadapi Topan Hagupit yang akan menerjang sebagian pulau di negara itu pada Sabtu (6/12) mendatang.
"Seorang warga yang tidak mengenakan masker melintas, di depan mural yang berisi pesan waspada penyebaran virus corona di kawasan Tebet, Jakarta, Selasa (8/9). Berdasarkan data Kementerian Kesehatan, DKI Jakarta menempati urutan teratas dalam daftar provinsi-provinsi penyumbang kasus Covid-19 di Indonesia pada Kamis (10/09). Secara keseluruhan, di DKI Jakarta saja, terdapat 50.671 kasus kumulatif. Pada peringkat dua, tiga, dan empat terdapat Jawa Timur (381 kasus) , Jawa Tengah (375), dan Jawa Barat (335). Catatan ini mengemuka ketika DKI Jakarta akan memberlakukan kembali PSBB pada Senin (14/09) mendatang. Dalam keterangan pers di Jakarta, Rabu (09/09) malam, Gubernur DKI Jakarta Anies Baswedan mengumumkan ""pihaknya menarik rem darurat, yang itu artinya kita terpaksa kembali menerapkan pembatasan sosial berskala besar (PSBB) seperti pada masa awal pandemi dulu."" Dengan demikian, ""bukan lagi PSBB transisi, tapi kita harus melakukan PSBB sebagaimana masa awal dulu,"" katanya. ""Dan inilah rem darurat yang harus kita tarik."" ""Sekali lagi ini soal menyelamatkan warga Jakarta,"" ujarnya. Petugas menyemprotkan cairan disinfektan di ruang sidang paripurna DPRD DKI Jakarta, Rabu (29/07). Jakarta sempat memperpanjang masa transisi PSBB dalam kondisi lima wilayah 'merah semua'. Rabu (29/07) jumlah kasus baru dalam sehari bahkan mencapai rekor tertinggi yakni 577 orang. Gubernur DKI Jakarta Anies Baswedan dalam pernyataannya pada 30 Juli mengatakan, ""Data-data menunjukkan ada kenaikan penyebaran kasus di Jakarta dan kondisinya belum mengalami perbaikan."" ""Kita memutuskan untuk kembali memperpanjang masa transisi PSBB untuk ketiga kalinya sampai dengan tanggal 13 Agustus 2020. Dengan perpanjangan ini seluruh kegiatan tetap harus ikuti protokol,"" tambah Anies Anda dapat mencari tahu, berapa banyak kasus positif, PDP, dan ODP di daerah Anda melalui data interaktif BBC Indonesia yang diperbarui secara berkala. Silakan ketikkan nama kelurahan atau kecamatan yang ingin Anda ketahui dalam tabel berikut ini: Aktifkan JavaScript dan pastikan sambungan internet Anda stabil untuk menggunakan fitur interaktif ini. Virus corona di Jakarta Bagaimana penyebaran virus corona di daerah Anda? Masukkan nama kecamatan atau kelurahan di DKI Jakarta untuk info lebih lanjut. Selama dalam masa perpanjangan transisi Pembatasan Sosial Berskala Besar (PSBB) bulan Juli, Jakarta masih terdata di tiga besar provinsi dengan tambahan kasus harian terbanyak, antara 100-400 kasus per hari. Tercatat pada hari Senin (27/07), misalnya, Jakarta mencatatkan tambahan kasus baru dalam 24 jam yang tinggi yakni 467 kasus baru. Sebelumnya kenaikan kasus harian tertinggi terjadi pada Minggu (12/07) dengan 404 kasus baru dan Selasa (21/07) ada 433 kasus baru. Jakarta sudah berlakukan masa transisi PSBB sebanyak tiga periode. Awalnya transisi diberlakukan selama bulan Juni. Lalu perpanjangan transisi pertama dilakukan pada 1-16 Juli, dan perpanjangan kedua pada 17-30 Juli. Mengapa Jakarta tembus rekor baru di masa transisi? KRL dan pasar tradisional akan diawasi ketat selama masa perpanjangan PSBB di Jakarta hingga 16 Juli 2020 Dalam jumpa pers Dinas Kesehatan Pemprov DKI Jakarta, tambahan kasus ini tersebar di lima wilayah Jakarta, berdasar domisili pasien dan disebut sebagai bagian dari upaya menelusuri kasus baru secara aktif. ""Peningkatan kasus yang besar di Jakarta tak lepas dari active case finding (ACF) yang telah diterapkan sejak pertengahan Mei 2020. Ini sesuai surat keputusan kepala dinas kesehatan DKI Jakarta yang menugaskan jajaran puskesmas untuk melakukan ACF selain tracing. ACF dilakukan di pasar, permukiman rawan, dan tempat umum lain yang berisiko menurut hitungan epidemiologis,"" kata Kepala Bidang Sumber Daya Kesehatan, Dinas Kesehatan Provinsi DKI Jakarta, Ani Ruspitawati pada Selasa (21/07). Dari tambahan kasus tersebut, disebutkan laporan berasal dari: Tidak bertujuan menurunkan kurva Sejumlah calon penumpang Kereta Rel Listrik (KRL) Commuterline mengantre memasuki Stasiun KA Bogor di Kota Bogor, Jawa Barat, Senin (29/06). Pembatasan penumpang di dalam KRL maupun di area peron menyebabkan antrean panjang penumpang di stasiun tersebut. Untuk mengurainya, pemerintah menyediakan bus gratis dan PT Kereta Commuter Indonesia mengujicobakan sistem informasi mengenai antrean melalui laman utama di aplikasi KRL Acccess dan media sosialnya. Sejak Jumat (26/06), jumlah kasus positif di Jakarta terlampaui oleh Jawa Timur, walau jumlah tambahan kasus baru per hari kini kembali berada di atas Jawa Timur. Hingga Rabu (29/07) di Jakarta total ada 20.572 orang yang positif Covid-19 sedangkan di Jawa Timur ada 21.484 orang. Dari total kasus positif di Jakarta tersebut, 12.614 orang dinyatakan sembuh dan 798 orang meninggal dunia. ""Kita tidak bertujuan menurunkan garis, karena kalau menurunkan garis berarti mengurangi testing. Jadi kita tingkatkan testingnya, menjangkau orang-orang tanpa gejala tapi positif. Jadi tujuan kita adalah menurunkan wabahnya,"" kata Gubernur DKI Jakarta Anies Baswedan pada 1 Juli. Lebih lanjut Anies menjelaskan posisi testing di Jakarta adalah 7,6% dengan jumlah tes PCR 14.258 orang/1 juta penduduk. ""Ini sudah di atas yang diharuskan WHO yakni 11.000 tes per minggu di Jakarta, berdasar data jumlah penduduk Jakarta,"" jelas Anies. Pada 1 Juli, Anies Baswedan juga menyatakan, berdasar evaluasi, transisi PSBB di Jakarta akan diteruskan hingga 14 hari ke depan, yakni hingga 16 Juli 2020. Ini karena masih perlu ada peningkatan disiplin masyakarat dalam mematuhi protokol Covid-19. ""Masih perlu ada peningkatan disiplin masyarakat dalam tiga aspek, penggunaan masker, cuci tangan secara rutin dan jaga jarak,"" kata Anies dalam jumpa pers pada Rabu (01/07). ""Ada dua area utama yang sering terjadi penularan yakni pasar dan KRL,"" jelas Anies. Setelah perpanjangan masa transisi PSBB hingga 16 Juli tersebut, Anies kemudian memutuskan transisi kembali diperpanjang hingga 31 Juli di tengah tren kasus Covid-19 saat itu. walau ketika eprtama kali berlakukan masa transisi PSBB, Anies sempat menegaskan, 'bila angka-angka epidemi memburuk, transisi akan dihentikan dan kembali ke PSBB'. Pasar dan KRL 'diawasi ketat' Gubernur Jakarta mengatakan ada dua area utama yang sering terjadi penularan Covid-19, yakni pasar dan KRL. Untuk KRL, secara umum jajaran TNI, polisi dan pemprov DKI Jakarta disebut Anies, bekerja sama dengan KCI (pengelola KRL) untuk bisa memantau pengaturan penumpang di KRL. Namun pada Senin (06/07), melalui akun instagramnya, Wali Kota Bogor, Jawa Barat, daerah penyangga Jakarta, mengeluhkan antrean calon penumpang KRL yang antre hingga dua jam. Ia meminta ada evaluasi terhadap pembagian shift kerja di perkantoran di Jakarta. Pemprov DKI Jakarta menanggapi keluhan tersebut dengan mengatakan perlu ada 'pemahaman komprehensif' mengenai penyebab antrean di KRL. Sementara untuk pasar, dalam catatan pemprov DKI Jakarta ada 19 pasar yang sempat ditutup dalam periode satu bulan selama Juni. ""Ke depan unsur TNI, polisi, ASN akan diterjunkan untuk awasi ketat pasar. Total ada 300-an pasar yang akan diawasi ketat,"" kata Anies. Cara pengendalian pasar dalam 14 hari ke depan diubah, yakni pengaturan ganjil genap ditiadakan dan jam operasional dikembalikan seperti semula, dipanjangkan. Sehingga yang dikendalikan adalah jumlah orang yang masuk pasar. ""Pengunjung pasar tidak boleh lebih dari 50% kapasitas pasar pada satu waktu dan ini dikendalikan dengan menempatkan petugas di pintu-pintu masuk,"" tegas Anies. Dalam evaluasi masa transisi PSBB Jakarta pada bulan Juni, disebut tempat lain relatif terkendali baik itu pertokoan, perkantoran, serta kendaraan umum seperti MRT. Jumlah orang sembuh sempat lampaui kasus baru Tren jumlah sembuh di Jakarta yang sempat melampaui kasus baru dalam beberapa hari, pada pekan kedua Juli berbalik. Pada Rabu (08/07) misalnya ada 357 kasus baru dan 147 orang sembuh. Sedangkan pada Kamis (09/07) ada 284 kasus baru sementara yang sembuh 221 orang. Pada Jumat (10/07) ada 260 kasus baru positif dan yang sembuh 180 orang. Pada masa sebelum transisi, penambahan kasus positif di Jakarta sempat bergerak di kisaran 70-100an kasus per hari. Kerumunan di masa transisi PSBB Sepanjang masa transisi PSBB tahap pertama pada bulan Juni ada sejumlah sorotan di antaranya kerumunan yang terjadi pada saat Car Free Day atau Hari Bebas Kendaraan di kawasan Sudirman pada Minggu (21/06) serta kerumunan warga yang berolahraga di GBK (Gelanggang Bung Karno) pada pekan sebelumnya. Warga berolahraga saat Hari Bebas Kendaraan Bermotor (HBKB) atau Car Free Day (CFD) di masa Pembatasan Sosial Berskala Besar (PSBB) transisi di kawasan Jalan Sudirman Jakarta, Minggu (21/06). Selain itu terjadi pula klaster pasar tradisional pada pekan ketiga Juni. Sedikitnya terdeteksi 152 orang pedagang pasar positif virus corona hingga Selasa (23/06). Berdasar data Ikatan Pedagang Pasar Indonesia, ada 20 pasar tradisional yang menjadi klaster penularan Covid-19 di DKI Jakarta antara lain Pasar Kramat Jati, Perumnas Klender, Kebayoran Lama, Pasar Palmerah, Pasar Puri Indah dan Pasar Tanah Abang. Data Ikatan Pedagang Pasar Indonesia (IKAPPI) mencatat lebih dari 400 pedagang di 93 pasar terinfeksi virus corona per Minggu (14/06) Sesuai keputusan Gubernur DKI Jakarta Anies Baswedan pada awal Juni, pembukaan pasar seharusnya dilakukan dengan cara ganjil genap bagi pedagang. Anies mengatakan penerapan ganjil genap ini bertujuan untuk mengurangi kapasitas di pasar itu hingga 50%. ""Memang saat ini kapasitasnya hanya boleh 50% dulu demi keselamatan pedagangnya juga. Jadi ini bukan semata-mata bukan soal ganjil dan genap, ini soal keselamatan pedagang, keselamatan pembeli,"" ujar Anies pada Rabu (16/06). Anies Baswedan pada Kamis (04/06) memutuskan memperpanjang pemberlakuan Pembatasan Sosial Berskala Besar (PSBB) karena masih ada 66 RW yang berstatus 'perlu mendapat penanganan khusus' dan akan 'diawasi ketat'. Tak ditetapkan berapa lama perpanjangan PSBB ini akan diterapkan. Pemprov DKI akan terus memantau indikator penularan virus corona. ""Namun bila ada indikator penularan virus corona yang mengkhawatirkan status transisi ini dapat ditarik seketika,"" tegas Anies saat itu. Dua pekan usai pengumuman tersebut, pejabat yang menangani RW-RW terkait, melaporkan daerahnya 'siap menuju zona kuning'. Pada Kamis (25/06), Anies menyatakan dari 66 RW tersebut tersisa 5 RW yang masih berstatus zona merah. Namun ada tambahan 22 RW baru dalam zona merah, sehingga total terdapat 27 RW zona merah. Seorang dokter memakai kostum Transformers di sebuah rumah sakit di Bogor yang menangani pasien Covid-19. Anies menetapkan bulan Juni sebagai masa transisi dan mengizinkan sejumlah kegiatan beroperasi kembali. Catatannya harus memberlakukan protokol Covid-19, seperti mengenakan masker, mencuci tangan/ menggunakan hand sanitizer, menjaga jarak (physical distancing) dengan orang lain, serta gedung/ruangan/tempat dan angkutan umum hanya berkapasitas 50%. Berikut jadwal pelonggaran yang ditetapkan Anies Baswedan: Sedangkan berikut ini gambaran kasus harian virus corona di seluruh provinsi Indonesia. Anda dapat menggeser peta dan tabel untuk mengetahui data provinsi tempat tinggal Anda. Sebaran pasien yang terjangkit virus corona tanggal 4 Desember 2020 Sumber: Kementerian Kesehatan. Terakhir diperbaharui pada 4 Desember 2020 16.00 WIB. Data diperbaharui sesuai perkembangan yang terjadi bersumber dari data Pemprov DKI Jakarta dan Kementerian Kesehatan.","Menjelang pemberlakuan kembali pembatasan sosial berskala besar (PSBB) seperti diterapkan pada awal pandemi Covid-19, DKI Jakarta mencatat 1.274 kasus harian positif Covid-19. Jumlah itu menyumbangkan 33% dari keseluruhan kasus harian di Indonesia pada Kamis (10/09)."
"Sementara China ingin anak laki-laki menjadi tentara, itu bukan ambisi semua orang. Sudah beberapa lama ini, pemerintah China telah mengisyaratkan keprihatinan bahwa panutan-panutan laki-laki paling populer di negara itu tidak lagi merupakan sosok-sosok kuat dan atletis seperti ""pahlawan tentara"". Bahkan Presiden Xi Jinping, yang terkenal sebagai seorang penggemar besar sepak bola, telah lama berusaha untuk mengembangkan bintang-bintang olahraga yang lebih baik. Pekan lalu, Kementerian Pendidikan mengeluarkan pemberitahuan dengan judul yang tidak diragukan lagi tentang tujuannya. Proposal untuk Mencegah Feminisasi Remaja Laki-Laki meminta sekolah-sekolah untuk sepenuhnya mereformasi pendidikan jasmani dan memperkuat perekrutan guru-guru. Isi pemberitahuan tersebut menyarankan untuk merekrut mantan atlet dan orang-orang dari latar belakang dunia olahraga - dan ""mengembangkan dengan penuh semangat"" olahraga tertentu, seperti sepak bola, dengan maksud untuk ""mengembangkan maskulinitas siswa-siswa"". Ini adalah dorongan yang jelas di negara di mana media hampir tidak menampilkan apa pun selain selebritas dengan reputasi yang baik dan ""bertanggung jawab secara sosial"". Tetapi ada beberapa tanda sebelumnya yang menunjukkan bahwa langkah seperti itu akan datang. Pada Mei lalu, seorang delegasi dari badan penasihat utama China, Si Zefu, mengatakan bahwa banyak pria muda China telah menjadi ""lemah, pemalu, dan merendahkan diri"". Ada kecenderungan di antara pemuda China laki-laki menuju ""feminisasi"", ia mengklaim, yang ""pasti akan membahayakan kelangsungan hidup dan perkembangan bangsa China"" kecuali jika ""diatur secara efektif"". Si Zefu mengatakan sebagian penyebabnya adalah lingkungan rumah, karena sebagian besar anak laki-laki China dibesarkan oleh ibu atau nenek mereka. Dia juga mencatat bahwa peningkatan daya tarik selebritas pria tertentu membuat banyak anak-anak ""tidak ingin menjadi 'pahlawan tentara'"" lagi. Jadi, dia menyarankan, sekolah-sekolah harus memainkan peran yang lebih besar dalam memastikan pemuda China mendapatkan pedidikan yang seimbang. 'Apa yang ditakuti laki-laki?' Sebagian besar reaksi warga China terhadap pemberitahuan tersebut bersifat negatif. Ratusan ribu orang China telah menggunakan media sosial untuk menyuarakan kemarahan mereka dan banyak yang menyebut pesan pemerintah itu seksis. ""Apakah feminisasi sekarang menjadi istilah yang merendahkan?"" tulis seorang pengguna Weibo dalam unggahan yang disukai sebanyak 200.000 kali. Pengguna lain menulis: ""Anak laki-laki juga manusia... menjadi emosional, pemalu atau lembut, ini adalah karakteristik-karakteristik manusia."" ""Apa yang ditakuti terhadap laki-laki? Menjadi sama dengan perempuan?"" tanya pengguna lain di media sosial itu. Boyband seperti TF Boys sangat populer, tetapi media bertanya apakah mereka adalah panutan yang baik. ""Ada 70 juta lebih banyak laki-laki daripada perempuan di negara ini,"" klaim lainnya. ""Tidak ada negara lain di dunia yang memiliki rasio jenis kelamin yang begitu cacat. Bukankah itu cukup maskulin?"" Yang lain berkata: ""Tak satu pun dari proposal ini datang dari perempuan."" Mereka mungkin benar dalam hal itu, sebab banyak hal tentang kepemimpinan tertinggi China yang telah ditulus sebenarnya didominasi oleh laki-laki. Namun, ada sambutan positif terhadap upaya mengubah pendidikan jasmani tersebut dari beberapa pihak di media. Surat kabar Global Times mencatat bahwa langkah itu ""mendapat dukungan"". Di platform media sosial Sina Weibo, sejumlah komentar menunjuk pada selebritas pria China yang semestinya disalahkan, sebagian besar adalah mereka yang dikenal sebagai little fresh meat atau ""daging muda"" (小 鲜肉). Ini adalah kata kunci yang merujuk pada selebritas laki-laki muda China yang terlihat bersih, rapi, dan memiliki ciri-ciri halus. Boyband TF Boys dan penyanyi China, Lu Han, termasuk dalam kategori ini, seperti halnya banyak bintang K-pop. Presiden Xi, yang dikenal sebagai penggemar sepak bola, mengunjungi stadion Manchester City dalam kunjungannya ke Inggris tahun 2015. Walau sejumlah atlet seperti pemain bola basket Yao Ming menjadi terkenal di luar negeri, perlu dicatat bahwa sepak bola secara khusus termasuk dalam proposal tersebut. Hal itu seharusnya tidak mengejutkan. Presiden Xi sebelumnya telah berbicara tentang harapannya bahwa negaranya akan menjadi ""negara adidaya sepakbola dunia"" pada tahun 2050. Tetapi upaya berulang untuk mencoba dan meningkatkan permainan sepak bola China telah gagal, dan telah dikritik sebagai tugas yang tampaknya mustahil. Ini adalah respons dua tahun lalu ketika Marcello Lippi, yang membawa Italia menjadi juara Piala Dunia FIFA 2006, mengundurkan diri sebagai pelatih tim nasional sepak bola China. Sementara itu, dalam beberapa bulan terakhir, pemerintah sedang berupaya untuk memperkenalkan dan mempromosikan sosok-sosok panutan baru bagi anak muda China. Bagi kaum perempuan, pandemi Covid-19 telah menjadi peluang yang bagus untuk menunjukkan peran penting mereka sebagai pekerja garda terdepan. Dan pencapaian China di luar angkasa tahun lalu adalah peluang besar untuk mempromosikan tokoh-tokoh seperti Zhou Chengyu, yang menjadi sensasi viral sebagai komandan luar angkasa berusia 24 tahun. Tapi seperti yang diisyaratkan Si Zefu tahun lalu, bagi pria muda China, daya tarik menjadi tentara yang kuat dan tak kenal takut, polisi atau petugas pemadam kebakaran, kini semakin memudar. Fenomena little fresh meat terus terbukti sukses. Namun, selebritas laki-laki muda semakin disoroti dan merasa sulit jika tidak patuh pada sosok yang dianggap sebagai panutan pada umumnya, yaitu seseorang dengan reputasi yang bersih dan tak tercela. Dalam beberapa tahun terakhir, media menghadapi kesulitan untuk menampilkan bintang muda laki-laki dengan tato atau anting di layar-layar televisi dan film. Dan salah satu bintang pop terkenal China mendapat kritik keras di internet pada tahun 2019 ketika dia difoto sedang merokok.","Sebuah pemberitahuan dari Kementerian Pendidikan China telah menyebabkan kehebohan setelah menyatakan para pemuda di negara itu terlalu ""feminin"". Pesan tersebut dikritik sebagai pesan seksis oleh banyak pengguna internet - meski beberapa orang juga mengatakan selebritas pria China yang semestinya disalahkan."
"Kaum LGBT di San Fransisco hari ini akan berunjuk rasa memprotes Facebook Saat ini Facebook menyerukan orang-orang untuk ""menggunakan nama asli yang mereka gunakan dalam kehidupan nyata"" pada profil Facebook mereka. Facebook menandai ratusan akun yang melanggar kebijakan perusahaan itu bulan lalu. Kepala bagian produksi Facebook, Chris Cox menyatakan bahwa ini adalah pengalaman yang ""menyakitkan"" bagi setiap orang yang terlibat di dalamnya. ""Saya ingin meminta maaf kepada masyarakat yang telah terkena dampak ini mulai dari ratu waria, kaum transgender, dan masyarakat luas seperti teman-teman kita, tetangga, dan anggota komunitas LGBT yang menemui kesulitan dengan Facebook dalam beberapa minggu terakhir, ""katanya. Mark Snyder, juru bicara Transgender Law Center, mengatakan kepada kantor berita AFP bahwa pada hari Kamis (02/10) kelompok LGBT di San Fransisco merencanakan aksi unjuk rasa. ""Jelas bahwa Facebook merasa bersalah dan ingin mencari solusi agar kita semua bisa menjadi diri kita yang asli di dunia daring,"" kata dia. Ia menambahkan bahwa bukan hanya waria dan transgender yang memiliki alasan kuat untuk menggunakan nama alias mereka di daring. Hakim, pekerja sosial, guru, penghibur dan korban pelecehan semuanya memiliki justifikasi untuk menyembunyikan identitas asli mereka, kata Snyder.","Facebook meminta maaf telah menghapus sejumlah akun para pengguna yang terdiri dari kaum transgender dan waria karena dianggap melanggar kebijakan penggunaan ""nama asli."""
"Korupsi terkait pengadaan KTP elektronik atau e-KTP mencapai triliunan dan dianggap salah satu yang terbesar di Indonesia,sebesar Rp5,9 triliun. ""Satu rupiah pun saya tidak penah menerima,"" kata Gamawan Fauzi, dengan menyembut nama Tuhan dalam sidang lanjutan eKTP di pengadilan Tipikor, Jakarta Pusat. Dalam pengakuan di persidangan, Gamawan menyebut perannya dalam proyek eKTP adalah sebagai pengawas dan memastikan kelancaran proyek. Dia menjelaskan bahwa segala teknis dan perihal anggaran didelegasikan kepada KPA (Kuasa Pengguna Anggaran) yang dalam kasus ini adalah mantan Dirjen Administrasi Kependudukan dan Pencatatan Sipil Kemendagri, Irman. Setiap kali ditanyakan mengenai anggaran, Gamawan pun selalu menjawab 'tidak tahu.' Majelis hakim berkali-kali menanyakan bagaimana anggaran Rp5,9 T untuk proyek eKTP dapat hilang setengahnya (sebesar Rp2,3 T berdasarkan perhitungan BPKP), namun Gamawan tetap berkilah tidak mengetahui apapun perihal anggaran karena sudah didelegasikan kepada KPA. ""Saya minta seluruh rakyat Indonesia tolong doakan saya mati kalau saya menerima satu sen pun"", kata Gamawan dengan penuh emosi. Menurut Gamawan, isu penyalahgunaan dana proyek eKTP ini baru-baru saja disadarinya. ""BPK periksa dia kali, setiap tahun. Tidak pernah ditentukan. Yang pernah ada isu lelebihan bayar Rp38 milyar. Itupun sudah diselesaikan."" Dia menjelaskan alasan mengapa memilih PNRI sebagai pemenang tender karena memberikan biaya paling rendah. ""Harga dari tujuh vendor tidak ada yg di bawah Rp7 trilyun. Ini Rp5,9 trilyun. (Yang lain) per lembar Rp21 ribu, ini Rp16 ribu."" Gamawan juga mengaku tidak mengenal Andi Agustinus atau Agus Narogong, orang yang mengatur jalannya proyek dari awal. Selain Gamawan Fauzi, persidangan hari ini menjadwalkan beberapa saksi lain termasuk mantan Menteri Keuangan Agus Martowardojo. Namun Agus Marto berhalangan hadir karena harus menghadiri konferensi bank sentral di Swiss.","Pengadilan kasus KTP elektronik yang menghebohkan itu digelar untuk kedua kalinya, kali ini menghadirkan bekas Menteri dalam Negeri Gamawan Fauzi, sebagai saksi."
"Walaupun sudah diserang berulang kali oleh Amerika Serikat dan sekutu-sekutunya, kelompok ISIS masih kuat. Tujuan serangan-serangan udara yang dilancarkan ke Irak dan Suriah sejak Agustus 2014 lalu, menurut Presiden AS Barack Obama, adalah untuk “melumpuhkan dan kemudian menghancurkan” ISIS. Nyatanya, ISIS malah menunjukkan ketahanan yang mengejutkan dan tampil lebih kuat. Sebuah kajian yang mengupas strategi militer ISIS mencoba menjelaskan alasan mengapa kelompok itu begitu kokoh. Tiga lingkaran Inti strategi militer ISIS adalah konsep “Bertahan dan Berkembang”, seperti yang dipaparkan dalam majalah propaganda mereka, Dabiq, edisi November 2014. Dengan mempraktikkan teori itu, ISIS dapat bertahan di lokasi yang dianggap menjadi markas mereka, Raqqa di Suriah dan Mosul di Irak. Bulan lalu, lokasi pertahanan ISIS melebar ke Ramadi, ibu kota Provinsi Anbar di Irak, serta Kota Palmyra di Suriah. Untuk bisa berkembang lebih jauh, ISIS telah mengotakkan dunia menjadi tiga bagian. The Institute for the Study of War (ISW), sebuah lembaga intelijen asal Washington DC, mengistilahkan pengotakan itu dengan “tiga lingkaran geografis”. Lingkaran terdalam ialah di Irak dan al-Sham (Suriah), lingkaran kedua ialah Timur Tengah dan Afrika Utara, dan lingkaran terluar ialah Eropa, Asia dan Amerika Serikat. Setiap lingkaran harus dikuasai menggunakan tiga strategi militer, yakni perang konvensional, perang gerilya, dan serangan teror. Ketiganya telah digunakan secara efektif di lingkaran terdalam. Di lingkaran kedua, dampak perang konvensional dan gerilya sudah mulai dirasakan, Contohnya, sejumlah serangan terhadap militer dan kepolisian di Sinai, Mesir, dan penguasaan beberapa kota di Libia, termasuk bekas kantung kekuatan Moamar Khadafi di Sirte. Sementara itu, para “lone wolves” atau pelaku tunggal telah membawa taktik teror ke lingkaran terluar, sebagaimana tampak dalam serangan-serangan di Australia, AS dan Kanada. ISIS memanfaatkan padang pasir untuk melawan militer Irak. Taktik tempur Selain memiliki strategi global, ISIS juga menerapkan taktik tempur yang spesifik. Di Irak dan Suriah, taktik penggunaan bom mobil atau Vehicle Borne Improvised Explosive Devices (VBIEDS) terbukti menjadi senjata perang yang sukses. Bom semacam itu dipasang di mobil Hummer AS yang dirampas dari militer Irak. Wilayah-wilayah perkotaan yang lebih kecil diserbu menggunakan “manuver jepit” dengan menempatkan bom mobil di kedua sisinya, disusul militan-militan yang menggunakan rompi bunuh diri lalu diikuti prajurit dan kendaraan-kendaraan yang dilengkapi persenjataan. Kota-kota besar dikuasai dengan metode gabungan antara infiltrasi, khususnya melalui komunitas Sunni yang terpinggirkan di Irak, dan ""Strategi Belt"" atau sabuk. Dengan strategi itu awalnya kota-kota dan pedesaan yang di sekitar pusat kota besar dikuasai terlebih dahulu, dan menutup jalanan. Serbuan makin digencarkan melalui anggota-anggota ISIS yang bergerak maju dan mulai memasuki pusat kota layaknya sabuk. Militer Irak sulit menghadapi kelompok ISIS karena mereka memiliki taktik tempur yang mumpuni. ISIS menggunakan wilayah gurun pasir yang luas di Suriah dan Irak, menarik diri ke dalamnya untuk kemudian muncul dari sana juga sesuka mereka. Taktik itu memerlukan mobilitas tingkat tinggi, organisasi yang efisien, serta pasokan amunisi dan air yang banyak. Walaupun serangan udara telah menghambat pergerakan di padang, ISIS mengatasi itu dengan memecah pasukan menjadi kelompok-kelompok yang lebih kecil dan sulit terdeteksi. Dengan itu, jumlah anggota ISIS yang sedikit bisa menghadapi pasukan dalam jumlah besar sementara anggota ISIS lainnya menyerang sebuah kota, pangkalan militer atau lokasi strategis lainnya seperti sebuah bendungan atau kilang minyak. Berdasarkan penjabaran tersebut, tampak jelas bahwa ISIS merupakan pasukan tempur yang kuat, sangat termotivasi dan terdisiplin. Selain itu mereka adalah organisasi dengan rencana yang jelas, tersusun secara sistematis dan memiliki strategi perang yang terbukti berhasil. Bandingkan dengan pengakuan Obama yang mengatakan setelah satu tahun berperang “kami masih belum memilki strategi untuk mengalahkan ISIS”.","Setahun setelah deklarasi pembentukan kekhalifahan ISIS oleh Abu Bakr al-Baghdadi, kelompok tersebut masih kuat, walaupun sudah diserang berulang kali oleh Amerika Serikat dan sekutu-sekutunya."
"Dalam video tersebut, dua orang pemuda - yang tampak bergandengan tangan melewati daerah-daerah terkenal di pusta kota - mendapat umpatan dan perlakuan kasar oleh sesama pengguna jalan. Puncaknya, mereka harus menghadapi seorang pria agresif yang tampak siap memukul mereka. Para pendukung hak kaum gay internasional sering menggunakan internet untuk menentang aturan-aturan Rusia, termasuk pada olimpiade musim dingin Sochi tahun lalu. Akan tetapi video ini bukan bagian dari kampanye mereka. Video eksperimen yang sudah ditonton tiga juta kali ini dibuat oleh ChebuRussiaTV, saluran YouTube yang berisi video-video jahil yang cukup populer di negara itu. ""Saya sangat terkejut dengan reaksi mereka (pejalan kaki)... Mereka benar-benar gila. Setiap lima menit kami mendapatkan reaksi negatif,"" ujar Nikita Rozhdesev, salah seorang yang membuat video tersebut pada BBC Trending. ""Kami tidak tahu bahwa akan banyak orang yang menontonnya, tapi kami tahu bahwa pelanggan (saluran YouTube) kami akan tertarik terhadap topik ini."" Rozhdesev mengatakan mereka membuat film itu dua hingga tiga jam di pusat kota. Pasangan lelaki dalam video merupakan aktor yang dalam kehidupan nyata bukanlah gay. Video tersebut menciptakan perdebatan besar di dunia maya tentang bagaimana Rusia memandang isu gay dan homophobia. Satu pengguna mengatakan 'Rusia negara fasis!"" Sementara yang lain mengatakan, ""Rusia akan menjadi satu-satunya negara normal di mana anak akan mendapat ibu dan ayah, bukan orang tua 1 dan orang tua 2 yang terjadi di bagian dunia lain yang gila."" Kelompok yang membuat video itu menyatakan mendukung hak kaum gay dan mengatakan, ""reaksi masyarakat Rusia sangatlah buruk.""","Sebuah video eksperimen sosial yang menampilkan dua 'orang gay' bergandengan tangan di jalan Moskow, Rusia, menarik perhatian pengguna internet global."
"Anak-anak yang diadopsi dari Indonesia yang diadopsi oleh pasangan Belanda pada era 1980-an hingga kini masih kesulitan mencari orang tua kandung mereka. Hasil investigasi selama dua tahun yang dilakukan komite khusus di Belanda dan dirilis Senin (08/02) menemukan adanya ""pelanggaran serius"" dalam proses adopsi anak-anak dari Indonesia, Bangladesh, Brasil, Kolombia, dan Sri Lanka pada periode 1967 hingga 1997. Pelanggaran serius itu antara lain: penculikan dan perdagangan anak, pemalsuan dan pencurian dokumen, serta pemindahan anak angkat dengan alasan palsu. Pelanggaran-pelanggaran ini membuat mereka yang diadopsi kesulitan mencari orang tua kandungnya. ""Pelanggaran serius"" dalam proses adopsi anak tersebut mendorong Menteri Perlindungan Hukum Belanda, Sander Dekker, meminta maaf. ""Ini seperti rollercoaster secara emosional! Pemerintah meminta maaf. Itu benar-benar keluar dari mulutnya, dari menteri. Ini sebuah kemenangan,"" tutur salah satu warga Belanda yang diadopsi dari Indonesia, Dewi Deijle, kepada wartawan BBC News Indonesia, Senin (08/02). Dewi Deilje adalah warga Belanda yang diadopsi dari Indonesia pada 1980. Ia mewakili Yayasan Mijn Roots, sebuah wadah bagi mereka yang diadopsi dari Indonesia dan mencari orang tua kandung mereka. Akan tetapi, Widya Astuti Boerma, yang juga diadopsi dari Indonesia menyebut permintaan maaf adalah ""langkah pertama"". Langkah selanjutnya ialah membantu mereka yang diadopsi mencari orang tua kandung mereka. ""Banyak anak adopsi mengalami 'kerugian mental' karena semua ini, tidak tahu dari mana asalnya. Saya rasa jika anak-anak hasil adopsi ingin mencari keluarga kandungnya, pemerintah harus bisa berusaha membantu mereka,"" ujar Widya. Merujuk data Yayasan Mijn Roots, sekitar 3.000 anak dari Indonesia diadopsi oleh keluarga Belanda pada 1973-1983, sebagian dari mereka diduga diadopsi secara ilegal. Kini, 40 tahun setelah diadopsi, mereka mengalami kesulitan mencari orang tua kandungnya sebab banyak informasi dalam dokumen itu ternyata palsu. 'Saya merasa seperti kembali ke titik awal pencarian' Widya Astuti Boerma masih merasa terpukul dengan kabar buruk yang diterimanya pekan lalu, ketika hasil tes DNA kedua dengan perempuan Indonesia yang ia anggap kemungkinan ibu kandungnya, menunjukkan keduanya tak memiliki hubungan darah. ""Saya tidak tahu apa yang terjadi dan saya tidak ingin berspekulasi, karena bagi saya itu adalah misteri besar dan pada titik ini bahkan lebih rumit daripada ketika saya memulai seluruh pencarian. Saya tidak bisa berkata-kata lagi,"" tutur Widya pada Sabtu (06/02). Ia adalah salah satu perempuan berdarah Indonesia yang diadopsi warga Belanda pada 1979 ketika ia masih balita. Selama 41 tahun terakhir, ia harus menempuh jalan berliku demi mencari ibu kandungnya. Sebuah utas di Twitter yang mengungkap kisah pencarian Widya sempat viral pada pertengahan Juni tahun lalu, yang berujung pada sejumlah petunjuk terkait perempuan yang diduga sebagai ibu kandungnya. Selama 41 tahun terakhir, Widya harus menempuh jalan berliku demi mencari ibu kandungnya Kepada BBC News Indonesia ia menuturkan bahwa pada 1991, ketika ia kala itu masih remaja berkunjung ke panti asuhan Kasih Bunda yang menjadi perantara proses adopsinya. Pihak panti asuhan mengaku telah memalsukan surat kelahirannya karena tanpa surat kelahiran maka adopsi tidak bisa dilakukan. Pada saat yang sama ia sempat dipertemukan oleh perempuan yang disebut sebagai ibu kandungnya, namun Widya mengaku tak memiliki koneksi dengan 'sang ibu'. Ketika dewasa, baru ia mengetahui ternyata perempuan tersebut disewa oleh panti asuhan untuk berperan menjadi ibu kandungnya. Pada 1991, ketika usianya menginjak 16 tahun, Widya dipertemukan dengan keluarga perempuan yang diklaim sebagai ibu kandungnya. Ketika kisah pencariannya viral, seorang warganet menyampaikan kepada Widya bahwa kisahnya serupa dengan cerita ibunya, yang berulang kali menuturkan kisah tentang putrinya dari suami sebelumnya yang hilang saat ia titipkan ketika selama bekerja. Widya kemudian menindaklanjutinya dengan berkomunikasi dengan perempuan itu. Lantaran perbedaan bahasa, percakapan keduanya terjalin via aplikasi penerjemah Google Translate. Awalnya Widya sempat merasa ragu, sebab sebelumnya ia pernah berhadapan dengan 'ibu palsu'. Namun kemudian, ia merasa keduanya memiliki kisah yang serupa satu sama lain. ""Saya mendengar kisahnya lebih banyak dan saya menyadari itu hampir seperti cerita yang saya miliki, dan yang paling menakutkan adalah ia dapat mengisi banyak detil yang hampir sesuai dengan kenangan saya,"" tutur Widya. Keduanya lantas sepakat untuk menjalani tes DNA pada Oktober tahun lalu. Sayangnya, tes itu menunjukkan DNA keduanya tidak cocok. ""Saya mendapat pemberitahuan yang mengatakan bahwa kami mungkin bukan ibu dan anak. Saya benar-benar bingung dan cukup terkejut dengan hasil ini karena saya hampir yakin tentangnya (hasil itu),"" ujar perempuan yang tinggal di Den Haag ini. Widya dengan perempuan Belanda yang mengadopsinya ""Jadi saya merasa seperti hampir kembali ke titik awal [pencarian] dan saya benar-benar bertanya-tanya, bagaimana ini mungkin terjadi? Karena cerita kami sangat cocok dan saya merasa saya benar-benar yakin, jadi itu hal sulit saya pahami,"" imbuhnya. Widya yang mengaku tak puas dengan hasil tes itu, lalu melakukan tes DNA ulang dan hasilnya yang keluar pada awal bulan ini memastikan bahwa keduanya tiada hubungan darah. ""Ini adalah kenyataan yang sulit untuk dihadapi bahwa saya mungkin 'ditipu dua kali',"" akunya. Widya ketika berada di panti asuhan Kasih Bunda 'Nama-nama orang tua kandung saya ternyata palsu' Perjuangan mencari ibu kandung juga dialami oleh Herlina, yang diadopsi oleh keluarga Belanda pada 1980 ketika dirinya masih bayi. Kepada BBC News Indonesia, perempuan yang tinggal di Utrecht ini menuturkan bahwa kelahiran anak kembarnya pada 2013 membuatnya mempertanyakan jati diri. Tak lama kemudian, pencarian orang tua kandungnya dimulai. Perjuangan mencari ibu kandung juga dialami oleh Herlina, yang diadopsi oleh keluarga Belanda pada 1980 ketika dirinya masih bayi. Dalam surat keterangan kelahiran, Herlina lahir pada 9 Desember 1979 di Klinik Bersalin Pembina Cideng yang berlokasi di Tanah Abang, Jakarta Pusat. Dalam dokumen itu, ia disebut lahir dari orang tua bernama Nurhayati dan Joric yang beralamat di Jelambar, Jakarta Barat. Berbekal detil informasi dari surat kelahiran itu, ia dibantu oleh Yayasan Mijn Roots untuk menelusuri keberadaan orang tuanya. Dalam dokumen ini, Herlina disebut lahir dari orang tua bernama Nurhayati dan Joric yang beralamat di Jelambar, Jakarta Barat ""Mereka mengatakan bahwa mereka tidak dapat menemukan orang tua saya karena tidak dapat menemukan alamat yang tertera di dokumen saya dan mereka juga menduga bahwa nama-nama orang tua kandung saya palsu,"" jelasnya kemudian. Ia mengatakan ada kemungkinan nama Nurhayati dan Joric palsu, sebab Joric bukanlah nama umum di Indonesia. Sedangkan dari dokumen notaris ia mendapati kenyataan bahwa ia lahir di luar pernikahan. Hingga kini, pencarian Herlina mengalami kebuntuan. ""Saya tidak pernah menyangka akan mendapat kesulitan yang saya alami sekarang, karena jelas informasi di dokumen saya tidak benar. Karena kalau benar, saya akan menemukan orang tua kandung saya,"" katanya. Herlina kecil di panti asuhan ""Jadi, saya benar-benar bertanya-tanya ada apa di balik semua ini? Tidak ada yang bisa memastikan sekarang bahwa informasi itu salah atau benar."" ""Itu membuat saya kesulitan karena saya tidak tahu harus mulai mencari dari mana karena saya tidak tahu apakah nama itu asli atau tidak dan apakah saya harus mencari nama-nama ini, atau jika itu nama palsu, maka saya semestinya mencari di tempat lain, tapi saya tidak tahu di mana,"" ungkapnya dengan nada gusar. Herlina menambahkan, agen adopsi di Belanda yang bertanggung jawab atas adopsinya bernama 'Stichting Kind en Toekomst' yang hingga kini masih aktif dalam bisnis adopsi. Ia menjelaskan sejak 2016 kami telah berkali-kali mencoba menghubungi agen adopsi itu dan meminta mereka untuk merilis dokumen lengkap yang mereka miliki tentang proses adopsinya. ""Mereka hanya mengatakan bahwa mereka tidak memiliki dokumen dan mereka menyatakan, tanpa empati, bahwa mereka tidak dapat membantu saya dengan cara apa pun dalam pencarian saya,"" kata Herlina. ""Bagi saya jelas bahwa mereka tidak jujur dan hanya berusaha menghindari tanggung jawab hukum atau moral, karena mereka selalu tahu tentang ilegalitas dan terlibat,"" cetusnya. ""Saya tidak tahu harus mulai mencari dari mana,"" aku Herlina, menceritakan tentang kebuntuan perjalanannya mencari orang tua kandungnya. Panti asuhan dibubarkan karena terlibat perdagangan anak Kebanyakan dari mereka yang mencari orang tua kandung menyewa penyelidik yang ditugasi untuk melacak keberadaan orang tua kandung mereka. Salah satu dari penyelidik itu adalah Polly Tehupuring. Polly yang sejak tiga tahun lalu membantu anak-anak adopsi ini mencari ibu kandungnya mengaku memiliki banyak cerita pencarian yang menurutnya, ""lebih banyak cerita sedihnya"". Ia menceritakan pengalamannya membantu pencarian ibu kandung seorang perempuan yang ketika kecil diadopsi oleh warga negara Belanda. Pencarian itu membawa Polly ke pantai utara Madura, tempat ibu yang diduga sebagai orang tua kandung perempuan itu kini tinggal. Namun, setelah dilakukan tes, DNA keduanya tidak cocok. ""Berarti ibu itu bukan ibu kandungnya. Padahal ibu kandungnya itu cerita ke saya dia melahirkan dan memberikan nama itu kepada anaknya itu,"" tutur Polly. Setelah ditelisik, kata Polly, ternyata di klinik bersalin tempat ibu tersebut melahirkan ada perempuan lain yang melahirkan tiga hari kemudian. Polly menuturkan kedua bayi itu dititipkan ke klinik bersalin sebab ibu mereka pada saat itu bekerja sebagai pekerja seks komersial. Polly menuturkan, oleh seorang perantara, bayi mereka dibawa ke panti asuhan yang sama, yakni Panti Asuhan Anak Sejahtera di Jawa Timur. Polly Tehupuring membantu mempertemukan pria yang diadopsi warga Belanda (tengah) dengan ibu kandungnya (kiri) setelah 37 tahun berpisah. ""Jadi kemungkinan di panti asuhan itu bayinya tertukar karena sama-sama diberikan nama yang sama,"" kata Polly. ""Sudah menemukan, data cocok, tapi begitu DNA dicek ternyata tidak cocok. Jadi, ternyata ada dua ibu melahirkan beda tiga hari dan memberikan nama yang sama kepada bayinya kemudian ditampung di panti asuhan yang sama,"" jelasnya kemudian. Ia menambahkan dari 3.000 bayi yang diadopsi warga negara Belanda pada medio 1973-1983, sekitar 200 bayi diadopsi dari sebuah panti asuhan di Sukorejo, Pasuruan, Jawa Timur yang saat ini sudah tidak beroperasi lagi. ""Itu bukan bubar sendiri, memang dibubarkan oleh pemerintah karena melakukan perdagangan, indikasi perdagangan [anak],"" kata Polly. ""Banyak kejadian, surat-suratnya dipalsukan. Jadi ada anak yang diadopsi di Jakarta tapi surat-suratnya dibuat setelah tanggal kedatangan di Jakarta,"" kata dia. 'Bayi ditukar dan informasi palsu' Dugaan adopsi ilegal diperkuat oleh Ana van Valen, pendiri Yayasan Mijn Roots, yang membantu anak-anak hasil adopsi keluarga Belanda menemukan orang tua kandung mereka. Ana menuturkan, pada kasus-kasus tertentu ditemukan nama ibu yang tertera dalam surat adopsi juga tertera di surat adopsi atas nama anak yang lain. ""Kami juga mendapat kasus di mana informasi yang tertera sudah benar, namun ketika dilakukan tes DNA, tidak cocok. Kami menduga bayi itu ditukar atau informasi yang diberikan tidak benar,"" jelasnya. Ia menambahkan sebagian besar anak-anak yang diadopsi berasal dari klinik dan panti asuhan di Jawa Timur, Jawa Tengah, Jawa Barat, dan Jakarta. Dugaan adopsi ilegal diperkuat oleh Ana van Valen, pendiri Yayasan Mijn Roots, yang membantu anak-anak hasil adopsi keluarga Belanda menemukan orang tua kandung mereka. Di Jawa Timur, anak-anak yang diadopsi berasal dari berbagai daerah seperti Sukarejo di Pasuruan, Malang, Mojokerto, Blitar, Trenggalek, Jombang, Kediri, Pacitan dan Tulungagung. Dari Jawa Tengah, kebanyakan anak-anak diadopsi berasal dari Tegal, Magelang, Pekalongan dan Pemalang. Sementara anak-anak dari Jawa Barat kebanyakan berasal dari Cirebon, Karawang, Bandung, Bogor, dan Sukabumi. Halaman Facebook Yayasan Mijn Roots ramai dengan unggahan pengguna yang mencari orang tua kandung mereka. Dalam laporan bertajuk Adopties uit Indonesie yang disusun oleh sebuah organisasi yang berbasis di Belanda, Wereldkinderen, terungkap bahwa sejak 1973 hingga 1984 ada 3.072 anak Indonesia yang di adopsi oleh warga Belanda. Puncak adopsi itu terjadi pada medio tahun 1979-1981. Siapa saja yang terlibat? Merujuk laporan tersebut, sebelum 1989, belum ada ketentuan tentang organisasi atau perantara yang mengatur proses adopsi anak-anak Indonesia ke Belanda. Sehingga, kala itu banyak organisasi dan yayasan kecil yang menjadi perantara proses adopsi. Pada periode tersebut, salah satu organisasi di Belanda yang mempunyai izin untuk proses adopsi adalah Bureau Interlandelijke Adoptie (BIA). Pada 1975, BIA merger dengan dua organisasi lain, yakni Stichting Interlandelijke Adoptie (SIA) dan Nederlands Vereniging voor Pleeggezinnen (NVP). Melalui BIA, ada 1.788 anak Indonesia yang diadopsi ke Belanda pada era 1970-an. BIA menghentikan adopsi pada 1981 karena menurut mereka, ""ada banyak perantara yang tidak bisa dipercaya"". Pertemuan pertama setelah 40 tahun terpisah Selain BIA ada juga Buitenlandse Adoptie Noord Nederland (BANND) yang didirikan oleh pasangan suami isteri yang tinggal di Groningen dan hanya menangani proses adopsi untuk kawasan Belanda utara. BANDD termasuk organisasi perantara adopsi tertua yang didirikan pada 1973. Tahun 1995 mereka tak lagi beroperasi namun divisi yang bernama ""projecthulp"" masih ada. Antara 1973 hingga 1983, ada sekitar 100 anak diadopsi melalui Yayasan Pa van der Steur di Jakarta yang bekerja sama dengan Yayasan Melati di Belanda. Sebanyak 600 anak lainnya diadopsi melalui Yayasan Bina Sejahtera, yang juga merupakan panti asuhan. Yayasan ini sebelumnya bernama Yayasan Kasih Bunda. Ada banyak yayasan lain di Indonesia yang melakukan proses adopsi, seperti Sayap Ibu di Jakarta. Yayasan ini resmi dan mendapat izin pengadilan untuk jadi perantara adopsi anak ke Belanda. Tapi pada periode itu, muncul banyak kritik dari pemerintah Belanda maupun Indonesia terkait proses adopsi yang disebut ""terjadi kekurangan data, penyalahgunaan dana dan perantara yang tidak bisa dipercaya"". Setelah terjadi banyak kejanggalan, Indonesia memperketat hukum soal adopsi pada 1983 dan menutup adopsi ke Belanda pada 1 Januari 1984. Surat kabar Belanda pada 8 Juli 1979 mengungkap apa yang disebut skandal adopsi di Indonesia Kasus 'peternakan bayi' dan penculikan anak Penutupan proses adopsi ini, merujuk laporan tersebut, disebabkan adanya sejumlah praktik terlarang, seperti penyalahgunaan dana dan rumor terkait apa yang disebut sebagai 'peternakan bayi' (baby farming) dan penculikan anak-anak untuk adopsi. Laporan itu mengungkap pada tahun 1980, polisi Indonesia menangkap seorang bidan bernama Sur, setelah di lantai atas rumahnya ditemukan 18 bayi yang siap untuk diadopsi ke Belanda. Merujuk pengakuan Sur, bayi-bayi itu akan dijual senilai 1000 gulden per bayi. Padahal, orang tua kandung mereka hanya menerima 150-200 gulden. Dalam kasus lain, pemerintah Indonesia sempat menghentikan sementara adopsi ke Belanda pada 1980 setelah sepasang suami istri dari Friesland di Belanda utara mengadopsi seorang anak dari Indonesia bernama Kurniawati. Laporan itu mengungkap pada tahun 1980, polisi Indonesia menangkap seorang bidan bernama Sur, setelah di lantai atas rumahnya ditemukan 18 bayi yang siap untuk diadopsi ke Belanda Adopsi Kurniawati diketahui ilegal setelah ayah kandungnya melaporkan bahwa putrinya yang berusia empat tahun itu diculik pada 1 September 1980 ketika bermain di depan rumahnya. Imbas dari kejadian ini, Yayasan Kasih Bunda di Yogyakarta yang menjadi perantara adopsi dinyatakan ilegal karena tidak memproses dokumen-dokumennya secara legal. Kepala yayasan ini kemudian dipenjara atas kasus pemalsuan dokumen dan penculikan. Akibat dari proses adopsi dengan dokumen yang tidak resmi, anak-anak yang diadopsi ke Belanda melalui yayasan ini kesulitan mencari orang tua kandungnya ketika dewasa, sebab data yang diberikan yayasan ini tidak benar dan dipalsukan. Artikel surat kabar Belanda pada 30 Juni 1982 yang melaporkan kasus adopsi Kurniawati 'Pemerintah Belanda tahu tapi tidak peduli' Kepada BBC News Indonesia, Ana van Valen yang mengaku diadopsi oleh pasangan Belanda sejak berusia 2,5 tahun mengungkap bahwa ia berasal dari panti asuhan yang sama dengan Widya. Namun, nasibnya mujur sebab identitas orang tua yang tertera di surat adopsinya adalah informasi yang tepat sehingga ia berhasil bertemu dengan ibu kandungnya ketika ia berusia 18 tahun. Akan tetapi, Dewi Deijle, yang sama seperti Widya dan Ana berasal dari panti asuhan Kasih Bunda, hingga kini masih kesulitan mencari orang tua kandungnya. Pelacakan yang ia lakukan mengindikasikan kuat dugaan bahwa ""pemerintah Belanda tahu tentang praktik terlarang"" berkaitan dengan adopsi anak dari Indonesia. Dewi Deijle, yang sama seperti Widya dan Ana berasal dari panti asuhan Kasih Bunda, hingga kini masih kesulitan mencari orang tua kandungnya. Sebab, pada 1983, Indonesia menghentikan adopsi anak ke luar negeri setelah ditemukan sejumlah kasus adopsi ilegal yang melibatkan panti asuhan, klinik bersalin dan bidan. Mereka kemudian diproses hukum atas kasus itu. ""Pemerintah Belanda mengetahui hal ini tapi mereka tak peduli. Mereka beralasan bahwa hal itu terjadi di Indonesia jadi mereka merasa tidak berkaitan dengan itu,"" tegas Dewi. ""Namun hasil dari itu, kami tidak bisa menemukan orang tua kandung kami karena dokumennya palsu atau mereka berbohong ke orang tua kandung, sebab banyak dari mereka tak mau memberikan bayinya,"" terangnya kemudian. Ia menyayangkan walau pemerintah Belanda mengetahui hal ini, namun tidak melakukan langkah-langkah untuk mencegah praktik-praktik terlarang tersebut. Surat kelahiran Dewi mengungkap bahwa perempuan bernama Wati yang berprofesi sebagai pembantu melahirkan bayi perempuan pada 25 Maret 1980. Dewi, yang berprofesi sebagai pengacara, akan mewakili anak-anak yang diadopsi dari Indonesia melayangkan gugatan terhadap pemerintah Belanda, menuntut kompensasi finansial atas pencarian orang tua kandung mereka. Mereka sepakat untuk menggugat pemerintah Belanda setelah Menteri Perlindungan Hukum Belanda Sander Dekker menolak untuk membayar ganti rugi atas upaya pencarian mereka. ""Ia [Dekker] tidak mau mengatur kompensasi finansial untuk anak yang diadopsi yang memiliki kebutuhan untuk itu, meski telah meminta maaf. Jadi beberapa anak angkat ingin menggugat ke pengadilan untuk itu (ganti rugi),"" jelas Dewi. ""Jadi saya akan mewakili mereka, atas nama anak angkat, saya akan meminta pertanggungjawaban negara atas biaya [pencarian orang tua kandung]"" Para suster di sebuah panti asuhan di Indonesia dengan anak-anak dan pasangan Belanda yang akan menjadi orang tua angkat mereka. Foto diambil pada 1980an. Ia dan sejumlah anak-anak lain yang diadopsi dari Indonesia berencana melayangkan gugatan pada April mendatang. ""Apa yang saya inginkan dari pemerintah [adalah] jika Anda ingin mencari keluarga kandung di Indonesia, itu membutuhkan biaya. Para anak angkat harus membayar sendiri,"" terang Dewi. ""Saya pikir [apa yang saya inginkan dari] pemerintah adalah pengakuan bahwa mereka melakukan kesalahan dalam semua prosedur ini karena membiarkan anak-anak ini datang dengan dokumen palsu."" ""Tapi saya pikir baik juga bagi pemerintah untuk memberikan kompensasi kepada para anak angkat jika mereka ingin menemukan orang tua kandung mereka,"" ujarnya lebih lanjut. Hal serupa terjadi pada anak-anak dari Brasil dan Sri Lanka Sebelum gugatan yang akan dilayangkan oleh Dewi dan anak-anak yang diadopsi dari Indonesia lainnya, pemerintah Belanda telah beberapa kali digugat oleh sejumlah warganya yang diadopsi dari berbagai negara. Patrick Noordoven mengugat pemerintah Belanda agar memberinya hak kebebasan informasi untuk mengetahui jati dirinya. Melalui proses hukum itu, Noordoven mendapat fakta bahwa ia dipastikan diadopsi secara ilegal dari Brasil ketika masih bayi pada 1980. Kasus Noordoven inilah yang memicu pemerintah Belanda membentuk sebuah komisi yang bertujuan mengusut keterlibatan pejabat pemerintah dalam sejumlah kasus adopsi anak secara ilegal selama dekade dari berbagai negara, termasuk Indonesia. Keturunan Indonesia yang diadopsi warga Belanda ketika bayi dan balita berkumpul di Kedubes RI di Den Haag, 4 November 2017. Kasus Noordoven diikuti oleh kasus-kasus dugaan adopsi ilegal lainnya, seperti yang dialami Dilani Butink, perempuan berdarah Sri Lanka berusia 28 tahun yang diadopsi oleh pasangan Belanda pada 1998. Pada 2020, ia mengajukan banding terhadap pemerintah Belanda dan Stichting Kind en Toekomst yang memproses adopsinya. Yayasan tersebut juga memproses proses adopsi Herlina dari Indonesia. Dua tahun sebelumnya, Butink meminta pertanggungjawaban kepada kedua pihak tersebut atas penderitaan yang ditimbulkan dari proses adopsi yang ilegal. Pada September 2020, hakim memutuskan kasusnya telah kadaluwarsa, sebab peristiwa tersebut terjadi hampir 20 tahun lalu dan pemerintah Belanda dinyatakan tidak bersalah. Jauh sebelumnya, kepolisian Belanda ternyata sempat menyelidiki kasus-kasus semacam ini pada awal 1980-an dan menemukan 42 contoh ""tindak pidana"". Namun sayangnya, kasus-kasus ini tidak ditindaklanjuti, tanpa info yang jelas apa penyebabnya. Sejak 1970-an, lebih dari 40.000 anak telah diadopsi dari luar negeri ke Belanda, menurut laporan Zembla. Kebanyakan dari mereka diadopsi dengan surat kelahiran palsu, anak-anak yang diambil dari klinik bersalin dan sebagian dari mereka merupakan hasil dari 'peternakan bayi'. 'Penyimpangan serius' di Swiss Menyusul investigasi yang dilakukan Belanda, pemerintah Swiss juga menggulirkan investigasi serupa pada akhir 2020 lalu terkait kemungkinan adanya praktik adopsi ilegal anak-anak dari luar negeri. Upaya ini dilakukan menyusul indikasi ""penyimpangan serius"" pada proses adopsi anak dari Sri Lanka ke negara itu. ""Kami menyadari dan menyesal bahwa pihak berwenang Swiss gagal mencegah adopsi dari Sri Lanka hingga 1990-an, padahal ada indikasi kuat, pada beberapa kasus, penyimpangan serius,"" kata pemerintah Swiss dalam sebuah pernyataan, seperti dikutip dari kantor berita Reuters. Seorang ibu dan bayi di sebuah bus di Sri Lanka. Sebuah studi yang dirilis awal 2020 oleh Universitas Ilmu Pengetahuan Terapan Zurich (ZHAW) atas permintaan pemerintah menemukan bahwa otoritas Swiss menyetujui masuknya 950 anak dari Sri Lanka antara tahun 1973 hingga 1997. Pemerintah Swiss kemudian menyelidiki kemungkinan adanya praktik adopsi ilegal, menyusul kekhawatiran yang diajukan oleh anggota parlemen Swiss pada 2017 bahwa beberapa anak yang diadopsi ""dicuri atau dijual"" sebelum tiba di Swiss.","Anak-anak yang diadopsi dari Indonesia pada era 1980-an menyebut permintaan maaf pemerintah Belanda atas pelanggaran serius dalam proses adopsi mereka merupakan suatu ""kemenangan"", namun langkah selanjutnya yang harus dilakukan pemerintah Belanda adalah membantu mereka mencari orang tua kandungnya."
"Alex menginginkan pindah dari Chelsea dan bermain di luar Inggris. Manajer Chelsea, Andre Villas-Boas yakin bahwa kesepakatan tentang kepindahan Alex ke Rangers akan segera tercapai. Sebelumnya seorang sumber yang ada di Rangers mengatakan pada Sabtu (14/1) bahwa klub tersebut sudah mencapai kesepakatan dengan Chelsea untuk mendapatkan Alex. Dia mengatakan kesepakatan itu tercapai setelah mereka menaikkan tawaran terhadap mantan pemain PSV Eindhoven tersebut. Alex saat ini memang tidak lagi punya masa depan bagus di Stamford Bridge, dia juga sudah tidak lagi jadi pilihan Villas-Boas setelah mengajukan diri untuk dilepas ke klub lain pada awal Desember lalu. ""Saya yakin klub itu akan mendapatkan kesepakatan jika terus berusaha,"" kata Villas-Boas. ""Kami tahu berapa nilai Alex di bursa transfer pemain, kami hanya tidak ingin melepasnya dengan mudah, tawaran QPR masih agak jauh."" Di luar Inggris ""Alex merupakan salah satu pemain yang menarik minat banyak klub di Liga Primer dan di luar negeri (untuk memperkuat tim mereka)."" Perpindahan Alex ke QPR juga tampaknya bukan perkara mudah, kalaupun nilai transfernya disepakati oleh kedua klub namun pemain tersebut tampaknya butuh diyakinkan lagi karena sebelumnya dia berkeinginan untuk hengkang dari Inggris. Sebelumnya Alex sempat dikabarkan akan bergabung dengan Paris Saint-Germain dan Juventus. Alex dibeli dari Chelsea pada tahun 2004 lalu dari PSV Eindhoven namun baru benar-benar bermain untuk Chelsea pada tahun 2007. Pesoalan izin kerja membuatnya harus bermain di Liga Belanda terlebih dahulu selama tiga tahun. Kehilangan Alex telah membuat Chlesea segera mencari penggantinya dan saat ini mereka telah mendapatkan pemain Bolton Wanderers, Gary Cahill.","QPR masih terus melakukan pembicaraan dengan Chelsea guna mendapatkan pemain belakang asal Brasil, Alex."
"Presiden saat memberikan pidato sambutan peringatan hari lahir Pancasila 1 Juni di gedung Merdeka, Bandung. Dalam bagian lain pidatonya, Jokowi mengatakan mensyukuri Indonesia memiliki Pancasila, dan membandingkan kondisi di sejumlah negara yang disebutnya tengah gelisah oleh radikalisme, ekstremisme dan terorisme. Namun Jokowi tak menyinggung kenyataan, bahwa selama beberapa waktu, Indonesia juga dilanda berbagai masalah terkait terorisme, radikalisme, dan intoleransi agama dan ideologi. Presiden Jokowi mengumumkan penetapan ahri libur dan Hari lahir Pancasila di gedung Merdeka, Bandung, Rabu (01/06) pagi. ""Dengan keputusan Presiden, tanggal 1 Juni ditetapkan, diliburkan dan diperingati sebagai hari lahir Pancasila,"" kata Presiden Jokowi yang disambut tepuk tangan peserta acara. Acara peringatan Pidato Bung Karno 1 Juni 1945 dihadiri antara lain Ketua MPR Zulkifli Hasan, Ketua DPR Ade Komarudin, Ketua DPD Irman Gusman, mantan Presiden Presiden Megawati Soekarnoputri, mantan wapres Boediono serta para menteri kabinet. Kelahiran Pancasila 1 Juni dikaitkan dengan pidato Sukarno dalam sidang BPUPKI pada 1 Juni 1945. Dalam perkembangannya, materi pidato itu kemudian menghasilkan Piagam Jakarta pada 22 Juni 1945 dan kemudian disepakati sebagai dasar negara dalam rumusan final tanggal 18 agustus 1945. Penetapan hari lahir Pancasila itu dituangkan dalam Keppres No. 24 Tahun 2016 tentang Hari Lahir Pancasila yang ditandatangani 1 Juni 2016. Bersyukur memiliki Pancasila Dalam bagian lain pidatonya, Jokowi mengatakan mensyukuri Indonesia memiliki Pancasila. Dia kemudian membandingkan kondisi di sejumlah negara yang disebutnya tengah gelisah. ""Termasuk negara maju, saat ini sedang gelisah, saat ini mereka sedang galau, resah. Toleransi mereka terkoyak, solidaritas mereka terbelah, ketertiban sosial mereka terganggu,"" kata Presiden. Penetapan hari lahir Pancasila itu dituangkan dalam Keppres No. 24 Tahun 2016 tentang Hari Lahir Pancasila yang ditandatangani 1 Juni 2016. Dia menyebut negara-negara itu 'terganggu terorisme, ekstrimisme dan radikalisme.' ""Mereka juga goyah dalam mengelola keberagaman dan perbedaan. Mereka sedang mencari referensi dalam menghadapi tantangan itu,"" papar Presiden. Di tengah kegelisahan negara-negara dalam menghadapi tantangan dan tantangan baru, demikian presiden, ""kita beruntung mempunyai Indonesia, Indonesia yang berbhineka tunggal ika, Indonesia yang beragam, tapi bisa menjaga toleransi dan kebhinekaan"". Dia lantas menekankan: ""Indonesia yang bisa menjadi referensi negara lain. Dan itu bisa terjadi karena kita mempunyai Pancasila."" Tepuk tangan kemudian membahana di ruangan. Jokowi tak menyinggung kenyataan, bahwa selama beberapa waktu, Indonesia juga dilanda berbagai masalah terkait terorisme, radikalisme, dan intoleransi agama dan ideologi. ""Pancasila harus diamalkan. Pancasila harus menjadi ideologi yang bekerja. Pancasila harus dijaga kelanggengannya,"" ujar Presiden lebih lanjut.",Presiden Joko Widodo telah mengumumkan tanggal 1 Juni sebagai hari lahir Pancasila sekaligus sebagai hari libur nasional.
"Jason Donovan dan Kylie Minogue terakhir tampil bersama 23 tahun lalu Pete Waterman mengatakan acara di Hyde Park London yang dijadwalkan Rabu tidak bisa digelar karena cuaca buruk. Ia mengatakan pada BBC bahwa tanah di lokasi menjadi ""tidak aman"" menyusul hujan yang mengguyur festival Wireless sepanjang akhir pekan. Penyelenggara mengatakan pembelian tiket melalui Ticketmaster dan See Tickets akan dikembalikan secara otomatis. Para penggemar yang membeli tiket di luar kedua agen itu diminta untuk menghubungi agen masing-masing. 'Sedih' Konser di luar ruangan itu bertujuan sebagai reuni kedua penyanyi yang meraih popularitas di bawah label rekaman PWL sekaligus merayakan ulang tahun ke 25 label itu. Waterman mengatakan ia ""merasa sedih untuk semua orang"" yang terlibat. ""Orang berdatangan dari seluruh dunia untuk membuat konser ini terjadi,"" kata dia. ""Kami berusaha mencari jalan keluar."" ""Polisi dan otoritas keamanan taman mengatakan situasi sangat tidak aman saat ini. ""Kami melihat kerusakan yang diakibatkan oleh festival Wireless sepanjang akhir pekan, tapi kami tidak bisa mendatangkan kendaraan ke lokasi untuk menyingkirkan batang-batang pohon dan benda-benda lain yang berserakan di tanah."" Ia menambahkan, ""Saya bisa bilang apa? Kita mengalami cuaca yang tidak biasa. Jika tidak aman, ya berarti tidak aman dan anda tidak bisa mengendalikan hal itu."" 'Sangat kecewa' Kylie Minogue, yang kemarin mempublikasikan foto saat berlatih dengan Jason Donovan, menyatakan kekecewaannya dalam pernyataan di situs webnya. ""Saya sangat menyesal mendengar konser besok harus dibatalkan,"" kata dia. Kylie mempublikasikan foto latihan bersama Jason, Selasa ""Saya dapat merasakan perasaan para penggemar yang telah membeli tiket untuk acara khusus ini. Jason dan saya berlatih dan kami sangat bersemangat membagi momen ini dengan semua orang."" Para penyanyi yang akan tampil termasuk Sonia, Rick Astley, Bananarama, Steps, Pepsi dan Shirlie and Brother Beyond. Di akun Twitternya, Donovan mengatakan mereka semua ""sangat kecewa"" dan keputusan itu sangat dulit. Ia menambahkan, ""Saya tidak percaya... Saya benar-benar menantikan untuk merayakan kerja luar biasa Mike, Matt dan Pete dan semua yang membuat lagu-lagu itu terasa spesial bagi sebuah generasi!"" Waterman mengatakan ia berharap konser akan dijadwalkan ulang tapi mengakui bahwa ""itu bukan hal yang mudah"" karena Steps akan memulai tur dan artis-artis lain memiliki komitmen yang telah dibuat sebelumnya. Dalam pernyataan, penyelenggara mengatakan, ""Menyusul kondisi cuaca yang buruk dan tidak terprediksi di seluruh negeri, lokasi itu dinyatakan tidak aman untuk menyelenggarakan konser. ""Keputusan itu diambil menyusul konsultasi dengan semua aparat berwenang dan kelompok penasihat keselamatan. Keselamatan pelanggan kami, artis yang tampil dan awak produksi menjadi prioritas utama dan keputusan diambil secara anonim.""",Konser khusus yang akan mempertemukan Jason Donovan dan Kylie Minogue di atas panggung untuk kedua kalinya dalam 20 tahun dibatalkan.
"Gubernur negara bagian Amazonas memperingatkan tentang momen ""kritis"" dan telah menerapkan pembatasan jam malam. Kota di negara bagian Amazonas itu mencatat lonjakan angka kematian dan penularan. Para ahli kesehatan, yang dikutip oleh media lokal, memperingatkan ""banyak orang"" bisa mati karena kekurangan pasokan dan bantuan. Brasil telah mencatat lebih dari 205.000 kematian akibat virus corona - angka tertinggi kedua di dunia, setelah Amerika Serikat. Negara Bagian Amazonas menderita kerugian besar pada gelombang pertama pandemi, tetapi kini juga terpukul parah oleh peningkatan penularan dalam gelombang baru. Pekan lalu, kontainer dengan alat pendingin dibawa ke rumah sakit-rumah sakit untuk membantu menyimpan jenazah-jenazah dan pihak berwenang menyatakan keadaan darurat. Jessem Orellana, dari lembaga investigasi ilmiah Fiocruz-Amazonia, mengatakan kepada kantor berita AFP bahwa beberapa rumah sakit di Manaus telah ""kehabisan oksigen"". Beberapa pusat kesehatan bahkan menjadi ""semacam ruang yang mencekik"" bagi pasien-pasien. Orellana mengatakan kepada media Brasil bahwa dia telah menerima laporan dari garis depan tentang kondisi-kondisi ""dramatis"" di beberapa rumah sakit. Laporan surat kabar Folha de Sao Paulo melaporkan para tenaga kesehatan yang berjuang keras menjaga pasien tetap hidup dengan membantu pernapasan secara manual. Dalam video dari wilayah tersebut yang dibagikan secara luas, seorang pekerja medis wanita meminta bantuan di internet: ""Kami dalam keadaan yang buruk. Oksigen telah habis di seluruh unit hari ini."" ""Tidak ada oksigen dan banyak orang sekarat,"" katanya dalam klip itu. ""Jika ada yang punya oksigen, tolong bawa ke klinik. Banyak sekali orang yang sekarat."" Inggris telah melarang pelancong dari sebagian besar Amerika Latin karena varian baru yang terdeteksi di Brasil. Gubernur Amazonas, Wilson Lima, mengatakan negara bagian itu berada ""pada periode paling kritis dalam masa pandemi ini"" dan mengumumkan pembatasan jam malam yang akan dimulai pada pukul 19:00 waktu setempat pada hari Jumat demi menekan penyebaran. Marcellus Campelo, seorang kepala dinas kesehatan setempat, mengatakan negara itu membutuhkan tiga kali jumlah oksigen yang dapat diproduksi secara lokal dan meminta bantuan. Wakil presiden Brasil membagikan gambar di Twitter tentang angkatan udara yang mengangkut persediaan rumah sakit, termasuk tabung oksigen dan tandu, ke kota itu ketika laporan tentang situasi setempat menyebar ke seluruh negara. Para pejabat kesehatan juga mengatakan beberapa pasien akan diterbangkan ke negara bagian lain untuk perawatan karena membutuhkan unit perawatan intensif, lapor Reuters. Perkembangan keadaan itu muncul di tengah kekhawatiran tentang varian virus corona baru yang ditemukan pada beberapa pelancong yang tiba di Jepang dari wilayah Amazonas. Felipe Naveca, wakil direktur penelitian di Oswaldo Cruz Foundation yang dikelola negara, mengatakan kepada koresponden BBC di Amerika Selatan, Katy Watson, bahwa varian baru itu telah berevolusi secara terpisah dari varian baru di Inggris dan Afrika Selatan, tetapi menunjukkan beberapa karakteristik yang sama: ""Beberapa dari mutasi ini telah dikaitkan dengan peningkatan penularan dan itu menjadi perhatian."" Naveca mengatakan bahwa mereka belum memiliki data yang menunjukkan bahwa vaksin yang ada akan menjadi kurang efektif terhadap varian baru. ""Kami harus melakukan lebih banyak pengurutan sampel untuk menjawab pertanyaan itu,"" katanya. Sementara, pada hari Kamis pejabat Inggris mengumumkan larangan wisatawan dari Amerika Selatan, Portugal dan Cape Verde karena galur baru virus.","Sejumlah rumah sakit di Kota Manaus, Brasil, mengalami kesulitan merawat pasien Covid-19, di tengah laporan kekurangan oksigen yang parah dan keputusasaan para tenaga kesehatan."
